2020,"ARKANSAS","AR","MISSISSIPPI","05093","PRESIDENT","JOSEPH R BIDEN JR","DEMOCRAT",337,12342,20210622,"ABSENTEE"
2020,"ARKANSAS","AR","MISSISSIPPI","05093","PRESIDENT","JOSEPH R BIDEN JR","DEMOCRAT",3379,12342,20210622,"EARLY VOTE"
2020,"ARKANSAS","AR","MISSISSIPPI","05093","PRESIDENT","JOSEPH R BIDEN JR","DEMOCRAT",824,12342,20210622,"ELECTION DAY"
2020,"ARKANSAS","AR","MISSISSIPPI","05093","PRESIDENT","JOSEPH R BIDEN JR","DEMOCRAT",18,12342,20210622,"PROVISIONAL"
2020,"ARKANSAS","AR","MISSISSIPPI","05093","PRESIDENT","OTHER","GREEN",0,12342,20210622,"ABSENTEE"
2020,"ARKANSAS","AR","MISSISSIPPI","05093","PRESIDENT","OTHER","GREEN",17,12342,20210622,"EARLY VOTE"
2020,"ARKANSAS","AR","MISSISSIPPI","05093","PRESIDENT","OTHER","GREEN",7,12342,20210622,"ELECTION DAY"
2020,"ARKANSAS","AR","MISSISSIPPI","05093","PRESIDENT","OTHER","GREEN",0,12342,20210622,"PROVISIONAL"
2020,"ARKANSAS","AR","MISSISSIPPI","05093","PRESIDENT","JO JORGENSEN","LIBERTARIAN",1,12342,20210622,"ABSENTEE"
2020,"ARKANSAS","AR","MISSISSIPPI","05093","PRESIDENT","JO JORGENSEN","LIBERTARIAN",73,12342,20210622,"EARLY VOTE"
2020,"ARKANSAS","AR","MISSISSIPPI","05093","PRESIDENT","JO JORGENSEN","LIBERTARIAN",46,12342,20210622,"ELECTION DAY"
2020,"ARKANSAS","AR","MISSISSIPPI","05093","PRESIDENT","JO JORGENSEN","LIBERTARIAN",0,12342,20210622,"PROVISIONAL"
2020,"ARKANSAS","AR","MISSISSIPPI","05093","PRESIDENT","OTHER","OTHER",4,12342,20210622,"ABSENTEE"
2020,"ARKANSAS","AR","MISSISSIPPI","05093","PRESIDENT","OTHER","OTHER",246,12342,20210622,"EARLY VOTE"
2020,"ARKANSAS","AR","MISSISSIPPI","05093","PRESIDENT","OTHER","OTHER",94,12342,20210622,"ELECTION DAY"
2020,"ARKANSAS","AR","MISSISSIPPI","05093","PRESIDENT","OTHER","OTHER",0,12342,20210622,"PROVISIONAL"
2020,"ARKANSAS","AR","MISSISSIPPI","05093","PRESIDENT","DONALD J TRUMP","REPUBLICAN",231,12342,20210622,"ABSENTEE"
2020,"ARKANSAS","AR","MISSISSIPPI","05093","PRESIDENT","DONALD J TRUMP","REPUBLICAN",5042,12342,20210622,"EARLY VOTE"
2020,"ARKANSAS","AR","MISSISSIPPI","05093","PRESIDENT","DONALD J TRUMP","REPUBLICAN",2008,12342,20210622,"ELECTION DAY"
2020,"ARKANSAS","AR","MISSISSIPPI","05093","PRESIDENT","DONALD J TRUMP","REPUBLICAN",15,12342,20210622,"PROVISIONAL"
2020,"GEORGIA","GA","MILLER","13201","PRESIDENT","JOSEPH R BIDEN JR","DEMOCRAT",221,2835,20210622,"ABSENTEE"
2020,"GEORGIA","GA","MILLER","13201","PRESIDENT","JOSEPH R BIDEN JR","DEMOCRAT",354,2835,20210622,"ADVANCED VOTING"
2020,"GEORGIA","GA","MILLER","13201","PRESIDENT","JOSEPH R BIDEN JR","DEMOCRAT",174,2835,20210622,"ELECTION DAY"
2020,"GEORGIA","GA","MILLER","13201","PRESIDENT","JOSEPH R BIDEN JR","DEMOCRAT",0,2835,20210622,"PROV"
2020,"GEORGIA","GA","MILLER","13201","PRESIDENT","JO JORGENSEN","LIBERTARIAN",2,2835,20210622,"ABSENTEE"
2020,"GEORGIA","GA","MILLER","13201","PRESIDENT","JO JORGENSEN","LIBERTARIAN",11,2835,20210622,"ADVANCED VOTING"
2020,"GEORGIA","GA","MILLER","13201","PRESIDENT","JO JORGENSEN","LIBERTARIAN",7,2835,20210622,"ELECTION DAY"
2020,"GEORGIA","GA","MILLER","13201","PRESIDENT","JO JORGENSEN","LIBERTARIAN",0,2835,20210622,"PROV"
2020,"GEORGIA","GA","MILLER","13201","PRESIDENT","DONALD J TRUMP","REPUBLICAN",264,2835,20210622,"ABSENTEE"
2020,"GEORGIA","GA","MILLER","13201","PRESIDENT","DONALD J TRUMP","REPUBLICAN",1269,2835,20210622,"ADVANCED VOTING"
2020,"GEORGIA","GA","MILLER","13201","PRESIDENT","DONALD J TRUMP","REPUBLICAN",530,2835,20210622,"ELECTION DAY"
2020,"GEORGIA","GA","MILLER","13201","PRESIDENT","DONALD J TRUMP","REPUBLICAN",3,2835,20210622,"PROV"
2020,"GEORGIA","GA","MITCHELL","13205","PRESIDENT","JOSEPH R BIDEN JR","DEMOCRAT",1499,8963,20210622,"ABSENTEE"
2020,"GEORGIA","GA","MITCHELL","13205","PRESIDENT","JOSEPH R BIDEN JR","DEMOCRAT",1673,8963,20210622,"ADVANCED VOTING"
2020,"GEORGIA","GA","MITCHELL","13205","PRESIDENT","JOSEPH R BIDEN JR","DEMOCRAT",818,8963,20210622,"ELECTION DAY"
2020,"GEORGIA","GA","MITCHELL","13205","PRESIDENT","JOSEPH R BIDEN JR","DEMOCRAT",5,8963,20210622,"PROV"
2020,"GEORGIA","GA","MITCHELL","13205","PRESIDENT","JO JORGENSEN","LIBERTARIAN",9,8963,20210622,"ABSENTEE"
2020,"GEORGIA","GA","MITCHELL","13205","PRESIDENT","JO JORGENSEN","LIBERTARIAN",7,8963,20210622,"ADVANCED VOTING"
2020,"GEORGIA","GA","MITCHELL","13205","PRESIDENT","JO JORGENSEN","LIBERTARIAN",17,8963,20210622,"ELECTION DAY"
2020,"GEORGIA","GA","MITCHELL","13205","PRESIDENT","JO JORGENSEN","LIBERTARIAN",0,8963,20210622,"PROV"
2020,"GEORGIA","GA","MITCHELL","13205","PRESIDENT","DONALD J TRUMP","REPUBLICAN",681,8963,20210622,"ABSENTEE"
2020,"GEORGIA","GA","MITCHELL","13205","PRESIDENT","DONALD J TRUMP","REPUBLICAN",2701,8963,20210622,"ADVANCED VOTING"
2020,"GEORGIA","GA","MITCHELL","13205","PRESIDENT","DONALD J TRUMP","REPUBLICAN",1551,8963,20210622,"ELECTION DAY"
2020,"GEORGIA","GA","MITCHELL","13205","PRESIDENT","DONALD J TRUMP","REPUBLICAN",2,8963,20210622,"PROV"
2020,"GEORGIA","GA","SEMINOLE","13253","PRESIDENT","JOSEPH R BIDEN JR","DEMOCRAT",269,3884,20210622,"ABSENTEE"
2020,"GEORGIA","GA","SEMINOLE","13253","PRESIDENT","JOSEPH R BIDEN JR","DEMOCRAT",691,3884,20210622,"ADVANCED VOTING"
2020,"GEORGIA","GA","SEMINOLE","13253","PRESIDENT","JOSEPH R BIDEN JR","DEMOCRAT",294,3884,20210622,"ELECTION DAY"
2020,"GEORGIA","GA","SEMINOLE","13253","PRESIDENT","JOSEPH R BIDEN JR","DEMOCRAT",0,3884,20210622,"PROV"
2020,"GEORGIA","GA","SEMINOLE","13253","PRESIDENT","JO JORGENSEN","LIBERTARIAN",1,3884,20210622,"ABSENTEE"
2020,"GEORGIA","GA","SEMINOLE","13253","PRESIDENT","JO JORGENSEN","LIBERTARIAN",3,3884,20210622,"ADVANCED VOTING"
2020,"GEORGIA","GA","SEMINOLE","13253","PRESIDENT","JO JORGENSEN","LIBERTARIAN",15,3884,20210622,"ELECTION DAY"
2020,"GEORGIA","GA","SEMINOLE","13253","PRESIDENT","JO JORGENSEN","LIBERTARIAN",0,3884,20210622,"PROV"
2020,"GEORGIA","GA","SEMINOLE","13253","PRESIDENT","DONALD J TRUMP","REPUBLICAN",277,3884,20210622,"ABSENTEE"
2020,"GEORGIA","GA","SEMINOLE","13253","PRESIDENT","DONALD J TRUMP","REPUBLICAN",1390,3884,20210622,"ADVANCED VOTING"
2020,"GEORGIA","GA","SEMINOLE","13253","PRESIDENT","DONALD J TRUMP","REPUBLICAN",944,3884,20210622,"ELECTION DAY"
2020,"GEORGIA","GA","SEMINOLE","13253","PRESIDENT","DONALD J TRUMP","REPUBLICAN",0,3884,20210622,"PROV"
2020,"MISSISSIPPI","MS","ADAMS","28001","PRESIDENT","JOSEPH R BIDEN JR","DEMOCRAT",7917,13759,20210622,"TOTAL"
2020,"MISSISSIPPI","MS","ADAMS","28001","PRESIDENT","OTHER","GREEN",10,13759,20210622,"TOTAL"
2020,"MISSISSIPPI","MS","ADAMS","28001","PRESIDENT","JO JORGENSEN","LIBERTARIAN",48,13759,20210622,"TOTAL"
2020,"MISSISSIPPI","MS","ADAMS","28001","PRESIDENT","OTHER","OTHER",88,13759,20210622,"TOTAL"
2020,"MISSISSIPPI","MS","ADAMS","28001","PRESIDENT","DONALD J TRUMP","REPUBLICAN",5696,13759,20210622,"TOTAL"
2020,"MISSISSIPPI","MS","ALCORN","28003","PRESIDENT","JOSEPH R BIDEN JR","DEMOCRAT",2782,15793,20210622,"TOTAL"
2020,"MISSISSIPPI","MS","ALCORN","28003","PRESIDENT","OTHER","GREEN",9,15793,20210622,"TOTAL"
2020,"MISSISSIPPI","MS","ALCORN","28003","PRESIDENT","JO JORGENSEN","LIBERTARIAN",118,15793,20210622,"TOTAL"
2020,"MISSISSIPPI","MS","ALCORN","28003","PRESIDENT","OTHER","OTHER",66,15793,20210622,"TOTAL"
2020,"MISSISSIPPI","MS","ALCORN","28003","PRESIDENT","DONALD J TRUMP","REPUBLICAN",12818,15793,20210622,"TOTAL"
2020,"MISSISSIPPI","MS","AMITE","28005","PRESIDENT","JOSEPH R BIDEN JR","DEMOCRAT",2620,7196,20210622,"TOTAL"
2020,"MISSISSIPPI","MS","AMITE","28005","PRESIDENT","OTHER","GREEN",10,7196,20210622,"TOTAL"
2020,"MISSISSIPPI","MS","AMITE","28005","PRESIDENT","JO JORGENSEN","LIBERTARIAN",21,7196,20210622,"TOTAL"
2020,"MISSISSIPPI","MS","AMITE","28005","PRESIDENT","OTHER","OTHER",42,7196,20210622,"TOTAL"
2020,"MISSISSIPPI","MS","AMITE","28005","PRESIDENT","DONALD J TRUMP","REPUBLICAN",4503,7196,20210622,"TOTAL"
2020,"MISSISSIPPI","MS","ATTALA","28007","PRESIDENT","JOSEPH R BIDEN JR","DEMOCRAT",3542,8823,20210622,"TOTAL"
2020,"MISSISSIPPI","MS","ATTALA","28007","PRESIDENT","OTHER","GREEN",11,8823,20210622,"TOTAL"
2020,"MISSISSIPPI","MS","ATTALA","28007","PRESIDENT","JO JORGENSEN","LIBERTARIAN",36,8823,20210622,"TOTAL"
2020,"MISSISSIPPI","MS","ATTALA","28007","PRESIDENT","OTHER","OTHER",56,8823,20210622,"TOTAL"
2020,"MISSISSIPPI","MS","ATTALA","28007","PRESIDENT","DONALD J TRUMP","REPUBLICAN",5178,8823,20210622,"TOTAL"
2020,"MISSISSIPPI","MS","BENTON","28009","PRESIDENT","JOSEPH R BIDEN JR","DEMOCRAT",1679,4289,20210622,"TOTAL"
2020,"MISSISSIPPI","MS","BENTON","28009","PRESIDENT","OTHER","GREEN",5,4289,20210622,"TOTAL"
2020,"MISSISSIPPI","MS","BENTON","28009","PRESIDENT","JO JORGENSEN","LIBERTARIAN",12,4289,20210622,"TOTAL"
2020,"MISSISSIPPI","MS","BENTON","28009","PRESIDENT","OTHER","OTHER",23,4289,20210622,"TOTAL"
2020,"MISSISSIPPI","MS","BENTON","28009","PRESIDENT","DONALD J TRUMP","REPUBLICAN",2570,4289,20210622,"TOTAL"
2020,"MISSISSIPPI","MS","BOLIVAR","28011","PRESIDENT","JOSEPH R BIDEN JR","DEMOCRAT",8904,13744,20210622,"TOTAL"
2020,"MISSISSIPPI","MS","BOLIVAR","28011","PRESIDENT","OTHER","GREEN",19,13744,20210622,"TOTAL"
2020,"MISSISSIPPI","MS","BOLIVAR","28011","PRESIDENT","JO JORGENSEN","LIBERTARIAN",48,13744,20210622,"TOTAL"
2020,"MISSISSIPPI","MS","BOLIVAR","28011","PRESIDENT","OTHER","OTHER",102,13744,20210622,"TOTAL"
2020,"MISSISSIPPI","MS","BOLIVAR","28011","PRESIDENT","DONALD J TRUMP","REPUBLICAN",4671,13744,20210622,"TOTAL"
2020,"MISSISSIPPI","MS","CALHOUN","28013","PRESIDENT","JOSEPH R BIDEN JR","DEMOCRAT",1902,6590,20210622,"TOTAL"
2020,"MISSISSIPPI","MS","CALHOUN","28013","PRESIDENT","OTHER","GREEN",4,6590,20210622,"TOTAL"
2020,"MISSISSIPPI","MS","CALHOUN","28013","PRESIDENT","JO JORGENSEN","LIBERTARIAN",15,6590,20210622,"TOTAL"
2020,"MISSISSIPPI","MS","CALHOUN","28013","PRESIDENT","OTHER","OTHER",44,6590,20210622,"TOTAL"
2020,"MISSISSIPPI","MS","CALHOUN","28013","PRESIDENT","DONALD J TRUMP","REPUBLICAN",4625,6590,20210622,"TOTAL"
2020,"MISSISSIPPI","MS","CARROLL","28015","PRESIDENT","JOSEPH R BIDEN JR","DEMOCRAT",1729,5701,20210622,"TOTAL"
2020,"MISSISSIPPI","MS","CARROLL","28015","PRESIDENT","OTHER","GREEN",7,5701,20210622,"TOTAL"
2020,"MISSISSIPPI","MS","CARROLL","28015","PRESIDENT","JO JORGENSEN","LIBERTARIAN",14,5701,20210622,"TOTAL"
2020,"MISSISSIPPI","MS","CARROLL","28015","PRESIDENT","OTHER","OTHER",27,5701,20210622,"TOTAL"
2020,"MISSISSIPPI","MS","CARROLL","28015","PRESIDENT","DONALD J TRUMP","REPUBLICAN",3924,5701,20210622,"TOTAL"
2020,"MISSISSIPPI","MS","CHICKASAW","28017","PRESIDENT","JOSEPH R BIDEN JR","DEMOCRAT",3810,8141,20210622,"TOTAL"
2020,"MISSISSIPPI","MS","CHICKASAW","28017","PRESIDENT","OTHER","GREEN",9,8141,20210622,"TOTAL"
2020,"MISSISSIPPI","MS","CHICKASAW","28017","PRESIDENT","JO JORGENSEN","LIBERTARIAN",75,8141,20210622,"TOTAL"
2020,"MISSISSIPPI","MS","CHICKASAW","28017","PRESIDENT","OTHER","OTHER",72,8141,20210622,"TOTAL"
2020,"MISSISSIPPI","MS","CHICKASAW","28017","PRESIDENT","DONALD J TRUMP","REPUBLICAN",4175,8141,20210622,"TOTAL"
2020,"MISSISSIPPI","MS","CHOCTAW","28019","PRESIDENT","JOSEPH R BIDEN JR","DEMOCRAT",1185,4223,20210622,"TOTAL"
2020,"MISSISSIPPI","MS","CHOCTAW","28019","PRESIDENT","OTHER","GREEN",2,4223,20210622,"TOTAL"
2020,"MISSISSIPPI","MS","CHOCTAW","28019","PRESIDENT","JO JORGENSEN","LIBERTARIAN",16,4223,20210622,"TOTAL"
2020,"MISSISSIPPI","MS","CHOCTAW","28019","PRESIDENT","OTHER","OTHER",19,4223,20210622,"TOTAL"
2020,"MISSISSIPPI","MS","CHOCTAW","28019","PRESIDENT","DONALD J TRUMP","REPUBLICAN",3001,4223,20210622,"TOTAL"
2020,"MISSISSIPPI","MS","CLAIBORNE","28021","PRESIDENT","JOSEPH R BIDEN JR","DEMOCRAT",3772,4449,20210622,"TOTAL"
2020,"MISSISSIPPI","MS","CLAIBORNE","28021","PRESIDENT","OTHER","GREEN",10,4449,20210622,"TOTAL"
2020,"MISSISSIPPI","MS","CLAIBORNE","28021","PRESIDENT","JO JORGENSEN","LIBERTARIAN",11,4449,20210622,"TOTAL"
2020,"MISSISSIPPI","MS","CLAIBORNE","28021","PRESIDENT","OTHER","OTHER",53,4449,20210622,"TOTAL"
2020,"MISSISSIPPI","MS","CLAIBORNE","28021","PRESIDENT","DONALD J TRUMP","REPUBLICAN",603,4449,20210622,"TOTAL"
2020,"MISSISSIPPI","MS","CLARKE","28023","PRESIDENT","JOSEPH R BIDEN JR","DEMOCRAT",2838,8338,20210622,"TOTAL"
2020,"MISSISSIPPI","MS","CLARKE","28023","PRESIDENT","OTHER","GREEN",14,8338,20210622,"TOTAL"
2020,"MISSISSIPPI","MS","CLARKE","28023","PRESIDENT","JO JORGENSEN","LIBERTARIAN",28,8338,20210622,"TOTAL"
2020,"MISSISSIPPI","MS","CLARKE","28023","PRESIDENT","OTHER","OTHER",41,8338,20210622,"TOTAL"
2020,"MISSISSIPPI","MS","CLARKE","28023","PRESIDENT","DONALD J TRUMP","REPUBLICAN",5417,8338,20210622,"TOTAL"
2020,"MISSISSIPPI","MS","CLAY","28025","PRESIDENT","JOSEPH R BIDEN JR","DEMOCRAT",5844,10189,20210622,"TOTAL"
2020,"MISSISSIPPI","MS","CLAY","28025","PRESIDENT","OTHER","GREEN",12,10189,20210622,"TOTAL"
2020,"MISSISSIPPI","MS","CLAY","28025","PRESIDENT","JO JORGENSEN","LIBERTARIAN",48,10189,20210622,"TOTAL"
2020,"MISSISSIPPI","MS","CLAY","28025","PRESIDENT","OTHER","OTHER",104,10189,20210622,"TOTAL"
2020,"MISSISSIPPI","MS","CLAY","28025","PRESIDENT","DONALD J TRUMP","REPUBLICAN",4181,10189,20210622,"TOTAL"
2020,"MISSISSIPPI","MS","COAHOMA","28027","PRESIDENT","JOSEPH R BIDEN JR","DEMOCRAT",6020,8501,20210622,"TOTAL"
2020,"MISSISSIPPI","MS","COAHOMA","28027","PRESIDENT","OTHER","GREEN",14,8501,20210622,"TOTAL"
2020,"MISSISSIPPI","MS","COAHOMA","28027","PRESIDENT","JO JORGENSEN","LIBERTARIAN",20,8501,20210622,"TOTAL"
2020,"MISSISSIPPI","MS","COAHOMA","28027","PRESIDENT","OTHER","OTHER",72,8501,20210622,"TOTAL"
2020,"MISSISSIPPI","MS","COAHOMA","28027","PRESIDENT","DONALD J TRUMP","REPUBLICAN",2375,8501,20210622,"TOTAL"
2020,"MISSISSIPPI","MS","COPIAH","28029","PRESIDENT","JOSEPH R BIDEN JR","DEMOCRAT",6470,12883,20210622,"TOTAL"
2020,"MISSISSIPPI","MS","COPIAH","28029","PRESIDENT","OTHER","GREEN",11,12883,20210622,"TOTAL"
2020,"MISSISSIPPI","MS","COPIAH","28029","PRESIDENT","JO JORGENSEN","LIBERTARIAN",58,12883,20210622,"TOTAL"
2020,"MISSISSIPPI","MS","COPIAH","28029","PRESIDENT","OTHER","OTHER",94,12883,20210622,"TOTAL"
2020,"MISSISSIPPI","MS","COPIAH","28029","PRESIDENT","DONALD J TRUMP","REPUBLICAN",6250,12883,20210622,"TOTAL"
2020,"MISSISSIPPI","MS","COVINGTON","28031","PRESIDENT","JOSEPH R BIDEN JR","DEMOCRAT",3416,9360,20210622,"TOTAL"
2020,"MISSISSIPPI","MS","COVINGTON","28031","PRESIDENT","OTHER","GREEN",3,9360,20210622,"TOTAL"
2020,"MISSISSIPPI","MS","COVINGTON","28031","PRESIDENT","JO JORGENSEN","LIBERTARIAN",33,9360,20210622,"TOTAL"
2020,"MISSISSIPPI","MS","COVINGTON","28031","PRESIDENT","OTHER","OTHER",54,9360,20210622,"TOTAL"
2020,"MISSISSIPPI","MS","COVINGTON","28031","PRESIDENT","DONALD J TRUMP","REPUBLICAN",5854,9360,20210622,"TOTAL"
2020,"MISSISSIPPI","MS","DESOTO","28033","PRESIDENT","JOSEPH R BIDEN JR","DEMOCRAT",28265,76124,20210622,"TOTAL"
2020,"MISSISSIPPI","MS","DESOTO","28033","PRESIDENT","OTHER","GREEN",96,76124,20210622,"TOTAL"
2020,"MISSISSIPPI","MS","DESOTO","28033","PRESIDENT","JO JORGENSEN","LIBERTARIAN",722,76124,20210622,"TOTAL"
2020,"MISSISSIPPI","MS","DESOTO","28033","PRESIDENT","OTHER","OTHER",579,76124,20210622,"TOTAL"
2020,"MISSISSIPPI","MS","DESOTO","28033","PRESIDENT","DONALD J TRUMP","REPUBLICAN",46462,76124,20210622,"TOTAL"
2020,"MISSISSIPPI","MS","FORREST","28035","PRESIDENT","JOSEPH R BIDEN JR","DEMOCRAT",13755,31654,20210622,"TOTAL"
2020,"MISSISSIPPI","MS","FORREST","28035","PRESIDENT","OTHER","GREEN",54,31654,20210622,"TOTAL"
2020,"MISSISSIPPI","MS","FORREST","28035","PRESIDENT","JO JORGENSEN","LIBERTARIAN",329,31654,20210622,"TOTAL"
2020,"MISSISSIPPI","MS","FORREST","28035","PRESIDENT","OTHER","OTHER",226,31654,20210622,"TOTAL"
2020,"MISSISSIPPI","MS","FORREST","28035","PRESIDENT","DONALD J TRUMP","REPUBLICAN",17290,31654,20210622,"TOTAL"
2020,"MISSISSIPPI","MS","FRANKLIN","28037","PRESIDENT","JOSEPH R BIDEN JR","DEMOCRAT",1480,4461,20210622,"TOTAL"
2020,"MISSISSIPPI","MS","FRANKLIN","28037","PRESIDENT","OTHER","GREEN",3,4461,20210622,"TOTAL"
2020,"MISSISSIPPI","MS","FRANKLIN","28037","PRESIDENT","JO JORGENSEN","LIBERTARIAN",21,4461,20210622,"TOTAL"
2020,"MISSISSIPPI","MS","FRANKLIN","28037","PRESIDENT","OTHER","OTHER",34,4461,20210622,"TOTAL"
2020,"MISSISSIPPI","MS","FRANKLIN","28037","PRESIDENT","DONALD J TRUMP","REPUBLICAN",2923,4461,20210622,"TOTAL"
2020,"MISSISSIPPI","MS","GEORGE","28039","PRESIDENT","JOSEPH R BIDEN JR","DEMOCRAT",1218,11049,20210622,"TOTAL"
2020,"MISSISSIPPI","MS","GEORGE","28039","PRESIDENT","OTHER","GREEN",10,11049,20210622,"TOTAL"
2020,"MISSISSIPPI","MS","GEORGE","28039","PRESIDENT","JO JORGENSEN","LIBERTARIAN",54,11049,20210622,"TOTAL"
2020,"MISSISSIPPI","MS","GEORGE","28039","PRESIDENT","OTHER","OTHER",54,11049,20210622,"TOTAL"
2020,"MISSISSIPPI","MS","GEORGE","28039","PRESIDENT","DONALD J TRUMP","REPUBLICAN",9713,11049,20210622,"TOTAL"
2020,"MISSISSIPPI","MS","GREENE","28041","PRESIDENT","JOSEPH R BIDEN JR","DEMOCRAT",966,5812,20210622,"TOTAL"
2020,"MISSISSIPPI","MS","GREENE","28041","PRESIDENT","OTHER","GREEN",4,5812,20210622,"TOTAL"
2020,"MISSISSIPPI","MS","GREENE","28041","PRESIDENT","JO JORGENSEN","LIBERTARIAN",20,5812,20210622,"TOTAL"
2020,"MISSISSIPPI","MS","GREENE","28041","PRESIDENT","OTHER","OTHER",28,5812,20210622,"TOTAL"
2020,"MISSISSIPPI","MS","GREENE","28041","PRESIDENT","DONALD J TRUMP","REPUBLICAN",4794,5812,20210622,"TOTAL"
2020,"MISSISSIPPI","MS","GRENADA","28043","PRESIDENT","JOSEPH R BIDEN JR","DEMOCRAT",4734,10911,20210622,"TOTAL"
2020,"MISSISSIPPI","MS","GRENADA","28043","PRESIDENT","OTHER","GREEN",8,10911,20210622,"TOTAL"
2020,"MISSISSIPPI","MS","GRENADA","28043","PRESIDENT","JO JORGENSEN","LIBERTARIAN",38,10911,20210622,"TOTAL"
2020,"MISSISSIPPI","MS","GRENADA","28043","PRESIDENT","OTHER","OTHER",50,10911,20210622,"TOTAL"
2020,"MISSISSIPPI","MS","GRENADA","28043","PRESIDENT","DONALD J TRUMP","REPUBLICAN",6081,10911,20210622,"TOTAL"
2020,"MISSISSIPPI","MS","HANCOCK","28045","PRESIDENT","JOSEPH R BIDEN JR","DEMOCRAT",4504,20957,20210622,"TOTAL"
2020,"MISSISSIPPI","MS","HANCOCK","28045","PRESIDENT","OTHER","GREEN",23,20957,20210622,"TOTAL"
2020,"MISSISSIPPI","MS","HANCOCK","28045","PRESIDENT","JO JORGENSEN","LIBERTARIAN",183,20957,20210622,"TOTAL"
2020,"MISSISSIPPI","MS","HANCOCK","28045","PRESIDENT","OTHER","OTHER",115,20957,20210622,"TOTAL"
2020,"MISSISSIPPI","MS","HANCOCK","28045","PRESIDENT","DONALD J TRUMP","REPUBLICAN",16132,20957,20210622,"TOTAL"
2020,"MISSISSIPPI","MS","HARRISON","28047","PRESIDENT","JOSEPH R BIDEN JR","DEMOCRAT",27728,75768,20210622,"TOTAL"
2020,"MISSISSIPPI","MS","HARRISON","28047","PRESIDENT","OTHER","GREEN",101,75768,20210622,"TOTAL"
2020,"MISSISSIPPI","MS","HARRISON","28047","PRESIDENT","JO JORGENSEN","LIBERTARIAN",726,75768,20210622,"TOTAL"
2020,"MISSISSIPPI","MS","HARRISON","28047","PRESIDENT","OTHER","OTHER",391,75768,20210622,"TOTAL"
2020,"MISSISSIPPI","MS","HARRISON","28047","PRESIDENT","DONALD J TRUMP","REPUBLICAN",46822,75768,20210622,"TOTAL"
2020,"MISSISSIPPI","MS","HINDS","28049","PRESIDENT","JOSEPH R BIDEN JR","DEMOCRAT",73550,99995,20210622,"TOTAL"
2020,"MISSISSIPPI","MS","HINDS","28049","PRESIDENT","OTHER","GREEN",110,99995,20210622,"TOTAL"
2020,"MISSISSIPPI","MS","HINDS","28049","PRESIDENT","JO JORGENSEN","LIBERTARIAN",396,99995,20210622,"TOTAL"
2020,"MISSISSIPPI","MS","HINDS","28049","PRESIDENT","OTHER","OTHER",798,99995,20210622,"TOTAL"
2020,"MISSISSIPPI","MS","HINDS","28049","PRESIDENT","DONALD J TRUMP","REPUBLICAN",25141,99995,20210622,"TOTAL"
2020,"MISSISSIPPI","MS","HOLMES","28051","PRESIDENT","JOSEPH R BIDEN JR","DEMOCRAT",6588,8115,20210622,"TOTAL"
2020,"MISSISSIPPI","MS","HOLMES","28051","PRESIDENT","OTHER","GREEN",15,8115,20210622,"TOTAL"
2020,"MISSISSIPPI","MS","HOLMES","28051","PRESIDENT","JO JORGENSEN","LIBERTARIAN",26,8115,20210622,"TOTAL"
2020,"MISSISSIPPI","MS","HOLMES","28051","PRESIDENT","OTHER","OTHER",117,8115,20210622,"TOTAL"
2020,"MISSISSIPPI","MS","HOLMES","28051","PRESIDENT","DONALD J TRUMP","REPUBLICAN",1369,8115,20210622,"TOTAL"
2020,"MISSISSIPPI","MS","HUMPHREYS","28053","PRESIDENT","JOSEPH R BIDEN JR","DEMOCRAT",3016,4189,20210622,"TOTAL"
2020,"MISSISSIPPI","MS","HUMPHREYS","28053","PRESIDENT","OTHER","GREEN",4,4189,20210622,"TOTAL"
2020,"MISSISSIPPI","MS","HUMPHREYS","28053","PRESIDENT","JO JORGENSEN","LIBERTARIAN",10,4189,20210622,"TOTAL"
2020,"MISSISSIPPI","MS","HUMPHREYS","28053","PRESIDENT","OTHER","OTHER",41,4189,20210622,"TOTAL"
2020,"MISSISSIPPI","MS","HUMPHREYS","28053","PRESIDENT","DONALD J TRUMP","REPUBLICAN",1118,4189,20210622,"TOTAL"
2020,"MISSISSIPPI","MS","ISSAQUENA","28055","PRESIDENT","JOSEPH R BIDEN JR","DEMOCRAT",355,676,20210622,"TOTAL"
2020,"MISSISSIPPI","MS","ISSAQUENA","28055","PRESIDENT","OTHER","GREEN",0,676,20210622,"TOTAL"
2020,"MISSISSIPPI","MS","ISSAQUENA","28055","PRESIDENT","JO JORGENSEN","LIBERTARIAN",5,676,20210622,"TOTAL"
2020,"MISSISSIPPI","MS","ISSAQUENA","28055","PRESIDENT","OTHER","OTHER",8,676,20210622,"TOTAL"
2020,"MISSISSIPPI","MS","ISSAQUENA","28055","PRESIDENT","DONALD J TRUMP","REPUBLICAN",308,676,20210622,"TOTAL"
2020,"MISSISSIPPI","MS","ITAWAMBA","28057","PRESIDENT","JOSEPH R BIDEN JR","DEMOCRAT",1249,10819,20210622,"TOTAL"
2020,"MISSISSIPPI","MS","ITAWAMBA","28057","PRESIDENT","OTHER","GREEN",15,10819,20210622,"TOTAL"
2020,"MISSISSIPPI","MS","ITAWAMBA","28057","PRESIDENT","JO JORGENSEN","LIBERTARIAN",79,10819,20210622,"TOTAL"
2020,"MISSISSIPPI","MS","ITAWAMBA","28057","PRESIDENT","OTHER","OTHER",38,10819,20210622,"TOTAL"
2020,"MISSISSIPPI","MS","ITAWAMBA","28057","PRESIDENT","DONALD J TRUMP","REPUBLICAN",9438,10819,20210622,"TOTAL"
2020,"MISSISSIPPI","MS","JACKSON","28059","PRESIDENT","JOSEPH R BIDEN JR","DEMOCRAT",17375,54543,20210622,"TOTAL"
2020,"MISSISSIPPI","MS","JACKSON","28059","PRESIDENT","OTHER","GREEN",76,54543,20210622,"TOTAL"
2020,"MISSISSIPPI","MS","JACKSON","28059","PRESIDENT","JO JORGENSEN","LIBERTARIAN",474,54543,20210622,"TOTAL"
2020,"MISSISSIPPI","MS","JACKSON","28059","PRESIDENT","OTHER","OTHER",323,54543,20210622,"TOTAL"
2020,"MISSISSIPPI","MS","JACKSON","28059","PRESIDENT","DONALD J TRUMP","REPUBLICAN",36295,54543,20210622,"TOTAL"
2020,"MISSISSIPPI","MS","JASPER","28061","PRESIDENT","JOSEPH R BIDEN JR","DEMOCRAT",4341,8736,20210622,"TOTAL"
2020,"MISSISSIPPI","MS","JASPER","28061","PRESIDENT","OTHER","GREEN",6,8736,20210622,"TOTAL"
2020,"MISSISSIPPI","MS","JASPER","28061","PRESIDENT","JO JORGENSEN","LIBERTARIAN",30,8736,20210622,"TOTAL"
2020,"MISSISSIPPI","MS","JASPER","28061","PRESIDENT","OTHER","OTHER",57,8736,20210622,"TOTAL"
2020,"MISSISSIPPI","MS","JASPER","28061","PRESIDENT","DONALD J TRUMP","REPUBLICAN",4302,8736,20210622,"TOTAL"
2020,"MISSISSIPPI","MS","JEFFERSON","28063","PRESIDENT","JOSEPH R BIDEN JR","DEMOCRAT",3327,3908,20210622,"TOTAL"
2020,"MISSISSIPPI","MS","JEFFERSON","28063","PRESIDENT","OTHER","GREEN",6,3908,20210622,"TOTAL"
2020,"MISSISSIPPI","MS","JEFFERSON","28063","PRESIDENT","JO JORGENSEN","LIBERTARIAN",14,3908,20210622,"TOTAL"
2020,"MISSISSIPPI","MS","JEFFERSON","28063","PRESIDENT","OTHER","OTHER",30,3908,20210622,"TOTAL"
2020,"MISSISSIPPI","MS","JEFFERSON","28063","PRESIDENT","DONALD J TRUMP","REPUBLICAN",531,3908,20210622,"TOTAL"
2020,"MISSISSIPPI","MS","JEFFERSON DAVIS","28065","PRESIDENT","JOSEPH R BIDEN JR","DEMOCRAT",3599,6213,20210622,"TOTAL"
2020,"MISSISSIPPI","MS","JEFFERSON DAVIS","28065","PRESIDENT","OTHER","GREEN",5,6213,20210622,"TOTAL"
2020,"MISSISSIPPI","MS","JEFFERSON DAVIS","28065","PRESIDENT","JO JORGENSEN","LIBERTARIAN",16,6213,20210622,"TOTAL"
2020,"MISSISSIPPI","MS","JEFFERSON DAVIS","28065","PRESIDENT","OTHER","OTHER",59,6213,20210622,"TOTAL"
2020,"MISSISSIPPI","MS","JEFFERSON DAVIS","28065","PRESIDENT","DONALD J TRUMP","REPUBLICAN",2534,6213,20210622,"TOTAL"
2020,"MISSISSIPPI","MS","JONES","28067","PRESIDENT","JOSEPH R BIDEN JR","DEMOCRAT",8517,30091,20210622,"TOTAL"
2020,"MISSISSIPPI","MS","JONES","28067","PRESIDENT","OTHER","GREEN",24,30091,20210622,"TOTAL"
2020,"MISSISSIPPI","MS","JONES","28067","PRESIDENT","JO JORGENSEN","LIBERTARIAN",169,30091,20210622,"TOTAL"
2020,"MISSISSIPPI","MS","JONES","28067","PRESIDENT","OTHER","OTHER",155,30091,20210622,"TOTAL"
2020,"MISSISSIPPI","MS","JONES","28067","PRESIDENT","DONALD J TRUMP","REPUBLICAN",21226,30091,20210622,"TOTAL"
2020,"MISSISSIPPI","MS","KEMPER","28069","PRESIDENT","JOSEPH R BIDEN JR","DEMOCRAT",2887,4731,20210622,"TOTAL"
2020,"MISSISSIPPI","MS","KEMPER","28069","PRESIDENT","OTHER","GREEN",9,4731,20210622,"TOTAL"
2020,"MISSISSIPPI","MS","KEMPER","28069","PRESIDENT","JO JORGENSEN","LIBERTARIAN",10,4731,20210622,"TOTAL"
2020,"MISSISSIPPI","MS","KEMPER","28069","PRESIDENT","OTHER","OTHER",38,4731,20210622,"TOTAL"
2020,"MISSISSIPPI","MS","KEMPER","28069","PRESIDENT","DONALD J TRUMP","REPUBLICAN",1787,4731,20210622,"TOTAL"
2020,"MISSISSIPPI","MS","LAFAYETTE","28071","PRESIDENT","JOSEPH R BIDEN JR","DEMOCRAT",10070,23423,20210622,"TOTAL"
2020,"MISSISSIPPI","MS","LAFAYETTE","28071","PRESIDENT","OTHER","GREEN",40,23423,20210622,"TOTAL"
2020,"MISSISSIPPI","MS","LAFAYETTE","28071","PRESIDENT","JO JORGENSEN","LIBERTARIAN",242,23423,20210622,"TOTAL"
2020,"MISSISSIPPI","MS","LAFAYETTE","28071","PRESIDENT","OTHER","OTHER",122,23423,20210622,"TOTAL"
2020,"MISSISSIPPI","MS","LAFAYETTE","28071","PRESIDENT","DONALD J TRUMP","REPUBLICAN",12949,23423,20210622,"TOTAL"
2020,"MISSISSIPPI","MS","LAMAR","28073","PRESIDENT","JOSEPH R BIDEN JR","DEMOCRAT",7340,28485,20210622,"TOTAL"
2020,"MISSISSIPPI","MS","LAMAR","28073","PRESIDENT","OTHER","GREEN",32,28485,20210622,"TOTAL"
2020,"MISSISSIPPI","MS","LAMAR","28073","PRESIDENT","JO JORGENSEN","LIBERTARIAN",264,28485,20210622,"TOTAL"
2020,"MISSISSIPPI","MS","LAMAR","28073","PRESIDENT","OTHER","OTHER",145,28485,20210622,"TOTAL"
2020,"MISSISSIPPI","MS","LAMAR","28073","PRESIDENT","DONALD J TRUMP","REPUBLICAN",20704,28485,20210622,"TOTAL"
2020,"MISSISSIPPI","MS","LAUDERDALE","28075","PRESIDENT","JOSEPH R BIDEN JR","DEMOCRAT",12960,31247,20210622,"TOTAL"
2020,"MISSISSIPPI","MS","LAUDERDALE","28075","PRESIDENT","OTHER","GREEN",25,31247,20210622,"TOTAL"
2020,"MISSISSIPPI","MS","LAUDERDALE","28075","PRESIDENT","JO JORGENSEN","LIBERTARIAN",149,31247,20210622,"TOTAL"
2020,"MISSISSIPPI","MS","LAUDERDALE","28075","PRESIDENT","OTHER","OTHER",146,31247,20210622,"TOTAL"
2020,"MISSISSIPPI","MS","LAUDERDALE","28075","PRESIDENT","DONALD J TRUMP","REPUBLICAN",17967,31247,20210622,"TOTAL"
2020,"MISSISSIPPI","MS","LAWRENCE","28077","PRESIDENT","JOSEPH R BIDEN JR","DEMOCRAT",2260,6613,20210622,"TOTAL"
2020,"MISSISSIPPI","MS","LAWRENCE","28077","PRESIDENT","OTHER","GREEN",8,6613,20210622,"TOTAL"
2020,"MISSISSIPPI","MS","LAWRENCE","28077","PRESIDENT","JO JORGENSEN","LIBERTARIAN",19,6613,20210622,"TOTAL"
2020,"MISSISSIPPI","MS","LAWRENCE","28077","PRESIDENT","OTHER","OTHER",41,6613,20210622,"TOTAL"
2020,"MISSISSIPPI","MS","LAWRENCE","28077","PRESIDENT","DONALD J TRUMP","REPUBLICAN",4285,6613,20210622,"TOTAL"
2020,"MISSISSIPPI","MS","LEAKE","28079","PRESIDENT","JOSEPH R BIDEN JR","DEMOCRAT",3897,9200,20210622,"TOTAL"
2020,"MISSISSIPPI","MS","LEAKE","28079","PRESIDENT","OTHER","GREEN",6,9200,20210622,"TOTAL"
2020,"MISSISSIPPI","MS","LEAKE","28079","PRESIDENT","JO JORGENSEN","LIBERTARIAN",19,9200,20210622,"TOTAL"
2020,"MISSISSIPPI","MS","LEAKE","28079","PRESIDENT","OTHER","OTHER",50,9200,20210622,"TOTAL"
2020,"MISSISSIPPI","MS","LEAKE","28079","PRESIDENT","DONALD J TRUMP","REPUBLICAN",5228,9200,20210622,"TOTAL"
2020,"MISSISSIPPI","MS","LEE","28081","PRESIDENT","JOSEPH R BIDEN JR","DEMOCRAT",12189,36954,20210622,"TOTAL"
2020,"MISSISSIPPI","MS","LEE","28081","PRESIDENT","OTHER","GREEN",44,36954,20210622,"TOTAL"
2020,"MISSISSIPPI","MS","LEE","28081","PRESIDENT","JO JORGENSEN","LIBERTARIAN",292,36954,20210622,"TOTAL"
2020,"MISSISSIPPI","MS","LEE","28081","PRESIDENT","OTHER","OTHER",222,36954,20210622,"TOTAL"
2020,"MISSISSIPPI","MS","LEE","28081","PRESIDENT","DONALD J TRUMP","REPUBLICAN",24207,36954,20210622,"TOTAL"
2020,"MISSISSIPPI","MS","LEFLORE","28083","PRESIDENT","JOSEPH R BIDEN JR","DEMOCRAT",7648,10893,20210622,"TOTAL"
2020,"MISSISSIPPI","MS","LEFLORE","28083","PRESIDENT","OTHER","GREEN",9,10893,20210622,"TOTAL"
2020,"MISSISSIPPI","MS","LEFLORE","28083","PRESIDENT","JO JORGENSEN","LIBERTARIAN",31,10893,20210622,"TOTAL"
2020,"MISSISSIPPI","MS","LEFLORE","28083","PRESIDENT","OTHER","OTHER",76,10893,20210622,"TOTAL"
2020,"MISSISSIPPI","MS","LEFLORE","28083","PRESIDENT","DONALD J TRUMP","REPUBLICAN",3129,10893,20210622,"TOTAL"
2020,"MISSISSIPPI","MS","LINCOLN","28085","PRESIDENT","JOSEPH R BIDEN JR","DEMOCRAT",5040,16801,20210622,"TOTAL"
2020,"MISSISSIPPI","MS","LINCOLN","28085","PRESIDENT","OTHER","GREEN",19,16801,20210622,"TOTAL"
2020,"MISSISSIPPI","MS","LINCOLN","28085","PRESIDENT","JO JORGENSEN","LIBERTARIAN",64,16801,20210622,"TOTAL"
2020,"MISSISSIPPI","MS","LINCOLN","28085","PRESIDENT","OTHER","OTHER",82,16801,20210622,"TOTAL"
2020,"MISSISSIPPI","MS","LINCOLN","28085","PRESIDENT","DONALD J TRUMP","REPUBLICAN",11596,16801,20210622,"TOTAL"
2020,"MISSISSIPPI","MS","LOWNDES","28087","PRESIDENT","JOSEPH R BIDEN JR","DEMOCRAT",13087,27241,20210622,"TOTAL"
2020,"MISSISSIPPI","MS","LOWNDES","28087","PRESIDENT","OTHER","GREEN",32,27241,20210622,"TOTAL"
2020,"MISSISSIPPI","MS","LOWNDES","28087","PRESIDENT","JO JORGENSEN","LIBERTARIAN",182,27241,20210622,"TOTAL"
2020,"MISSISSIPPI","MS","LOWNDES","28087","PRESIDENT","OTHER","OTHER",140,27241,20210622,"TOTAL"
2020,"MISSISSIPPI","MS","LOWNDES","28087","PRESIDENT","DONALD J TRUMP","REPUBLICAN",13800,27241,20210622,"TOTAL"
2020,"MISSISSIPPI","MS","MADISON","28089","PRESIDENT","JOSEPH R BIDEN JR","DEMOCRAT",24440,56212,20210622,"TOTAL"
2020,"MISSISSIPPI","MS","MADISON","28089","PRESIDENT","OTHER","GREEN",41,56212,20210622,"TOTAL"
2020,"MISSISSIPPI","MS","MADISON","28089","PRESIDENT","JO JORGENSEN","LIBERTARIAN",351,56212,20210622,"TOTAL"
2020,"MISSISSIPPI","MS","MADISON","28089","PRESIDENT","OTHER","OTHER",289,56212,20210622,"TOTAL"
2020,"MISSISSIPPI","MS","MADISON","28089","PRESIDENT","DONALD J TRUMP","REPUBLICAN",31091,56212,20210622,"TOTAL"
2020,"MISSISSIPPI","MS","MARION","28091","PRESIDENT","JOSEPH R BIDEN JR","DEMOCRAT",3787,12177,20210622,"TOTAL"
2020,"MISSISSIPPI","MS","MARION","28091","PRESIDENT","OTHER","GREEN",11,12177,20210622,"TOTAL"
2020,"MISSISSIPPI","MS","MARION","28091","PRESIDENT","JO JORGENSEN","LIBERTARIAN",44,12177,20210622,"TOTAL"
2020,"MISSISSIPPI","MS","MARION","28091","PRESIDENT","OTHER","OTHER",62,12177,20210622,"TOTAL"
2020,"MISSISSIPPI","MS","MARION","28091","PRESIDENT","DONALD J TRUMP","REPUBLICAN",8273,12177,20210622,"TOTAL"
2020,"MISSISSIPPI","MS","MARSHALL","28093","PRESIDENT","JOSEPH R BIDEN JR","DEMOCRAT",8057,15817,20210622,"TOTAL"
2020,"MISSISSIPPI","MS","MARSHALL","28093","PRESIDENT","OTHER","GREEN",27,15817,20210622,"TOTAL"
2020,"MISSISSIPPI","MS","MARSHALL","28093","PRESIDENT","JO JORGENSEN","LIBERTARIAN",48,15817,20210622,"TOTAL"
2020,"MISSISSIPPI","MS","MARSHALL","28093","PRESIDENT","OTHER","OTHER",119,15817,20210622,"TOTAL"
2020,"MISSISSIPPI","MS","MARSHALL","28093","PRESIDENT","DONALD J TRUMP","REPUBLICAN",7566,15817,20210622,"TOTAL"
2020,"MISSISSIPPI","MS","MONROE","28095","PRESIDENT","JOSEPH R BIDEN JR","DEMOCRAT",5874,17259,20210622,"TOTAL"
2020,"MISSISSIPPI","MS","MONROE","28095","PRESIDENT","OTHER","GREEN",17,17259,20210622,"TOTAL"
2020,"MISSISSIPPI","MS","MONROE","28095","PRESIDENT","JO JORGENSEN","LIBERTARIAN",93,17259,20210622,"TOTAL"
2020,"MISSISSIPPI","MS","MONROE","28095","PRESIDENT","OTHER","OTHER",98,17259,20210622,"TOTAL"
2020,"MISSISSIPPI","MS","MONROE","28095","PRESIDENT","DONALD J TRUMP","REPUBLICAN",11177,17259,20210622,"TOTAL"
2020,"MISSISSIPPI","MS","MONTGOMERY","28097","PRESIDENT","JOSEPH R BIDEN JR","DEMOCRAT",2121,5075,20210622,"TOTAL"
2020,"MISSISSIPPI","MS","MONTGOMERY","28097","PRESIDENT","OTHER","GREEN",3,5075,20210622,"TOTAL"
2020,"MISSISSIPPI","MS","MONTGOMERY","28097","PRESIDENT","JO JORGENSEN","LIBERTARIAN",9,5075,20210622,"TOTAL"
2020,"MISSISSIPPI","MS","MONTGOMERY","28097","PRESIDENT","OTHER","OTHER",25,5075,20210622,"TOTAL"
2020,"MISSISSIPPI","MS","MONTGOMERY","28097","PRESIDENT","DONALD J TRUMP","REPUBLICAN",2917,5075,20210622,"TOTAL"
2020,"MISSISSIPPI","MS","NESHOBA","28099","PRESIDENT","JOSEPH R BIDEN JR","DEMOCRAT",3260,11703,20210622,"TOTAL"
2020,"MISSISSIPPI","MS","NESHOBA","28099","PRESIDENT","OTHER","GREEN",6,11703,20210622,"TOTAL"
2020,"MISSISSIPPI","MS","NESHOBA","28099","PRESIDENT","JO JORGENSEN","LIBERTARIAN",46,11703,20210622,"TOTAL"
2020,"MISSISSIPPI","MS","NESHOBA","28099","PRESIDENT","OTHER","OTHER",71,11703,20210622,"TOTAL"
2020,"MISSISSIPPI","MS","NESHOBA","28099","PRESIDENT","DONALD J TRUMP","REPUBLICAN",8320,11703,20210622,"TOTAL"
2020,"MISSISSIPPI","MS","NEWTON","28101","PRESIDENT","JOSEPH R BIDEN JR","DEMOCRAT",3075,10183,20210622,"TOTAL"
2020,"MISSISSIPPI","MS","NEWTON","28101","PRESIDENT","OTHER","GREEN",8,10183,20210622,"TOTAL"
2020,"MISSISSIPPI","MS","NEWTON","28101","PRESIDENT","JO JORGENSEN","LIBERTARIAN",47,10183,20210622,"TOTAL"
2020,"MISSISSIPPI","MS","NEWTON","28101","PRESIDENT","OTHER","OTHER",56,10183,20210622,"TOTAL"
2020,"MISSISSIPPI","MS","NEWTON","28101","PRESIDENT","DONALD J TRUMP","REPUBLICAN",6997,10183,20210622,"TOTAL"
2020,"MISSISSIPPI","MS","NOXUBEE","28103","PRESIDENT","JOSEPH R BIDEN JR","DEMOCRAT",4040,5339,20210622,"TOTAL"
2020,"MISSISSIPPI","MS","NOXUBEE","28103","PRESIDENT","OTHER","GREEN",6,5339,20210622,"TOTAL"
2020,"MISSISSIPPI","MS","NOXUBEE","28103","PRESIDENT","JO JORGENSEN","LIBERTARIAN",13,5339,20210622,"TOTAL"
2020,"MISSISSIPPI","MS","NOXUBEE","28103","PRESIDENT","OTHER","OTHER",40,5339,20210622,"TOTAL"
2020,"MISSISSIPPI","MS","NOXUBEE","28103","PRESIDENT","DONALD J TRUMP","REPUBLICAN",1240,5339,20210622,"TOTAL"
2020,"MISSISSIPPI","MS","OKTIBBEHA","28105","PRESIDENT","JOSEPH R BIDEN JR","DEMOCRAT",10299,19757,20210622,"TOTAL"
2020,"MISSISSIPPI","MS","OKTIBBEHA","28105","PRESIDENT","OTHER","GREEN",51,19757,20210622,"TOTAL"
2020,"MISSISSIPPI","MS","OKTIBBEHA","28105","PRESIDENT","JO JORGENSEN","LIBERTARIAN",255,19757,20210622,"TOTAL"
2020,"MISSISSIPPI","MS","OKTIBBEHA","28105","PRESIDENT","OTHER","OTHER",148,19757,20210622,"TOTAL"
2020,"MISSISSIPPI","MS","OKTIBBEHA","28105","PRESIDENT","DONALD J TRUMP","REPUBLICAN",9004,19757,20210622,"TOTAL"
2020,"MISSISSIPPI","MS","PANOLA","28107","PRESIDENT","JOSEPH R BIDEN JR","DEMOCRAT",7403,15627,20210622,"TOTAL"
2020,"MISSISSIPPI","MS","PANOLA","28107","PRESIDENT","OTHER","GREEN",11,15627,20210622,"TOTAL"
2020,"MISSISSIPPI","MS","PANOLA","28107","PRESIDENT","JO JORGENSEN","LIBERTARIAN",48,15627,20210622,"TOTAL"
2020,"MISSISSIPPI","MS","PANOLA","28107","PRESIDENT","OTHER","OTHER",105,15627,20210622,"TOTAL"
2020,"MISSISSIPPI","MS","PANOLA","28107","PRESIDENT","DONALD J TRUMP","REPUBLICAN",8060,15627,20210622,"TOTAL"
2020,"MISSISSIPPI","MS","PEARL RIVER","28109","PRESIDENT","JOSEPH R BIDEN JR","DEMOCRAT",4148,24033,20210622,"TOTAL"
2020,"MISSISSIPPI","MS","PEARL RIVER","28109","PRESIDENT","OTHER","GREEN",31,24033,20210622,"TOTAL"
2020,"MISSISSIPPI","MS","PEARL RIVER","28109","PRESIDENT","JO JORGENSEN","LIBERTARIAN",160,24033,20210622,"TOTAL"
2020,"MISSISSIPPI","MS","PEARL RIVER","28109","PRESIDENT","OTHER","OTHER",99,24033,20210622,"TOTAL"
2020,"MISSISSIPPI","MS","PEARL RIVER","28109","PRESIDENT","DONALD J TRUMP","REPUBLICAN",19595,24033,20210622,"TOTAL"
2020,"MISSISSIPPI","MS","PERRY","28111","PRESIDENT","JOSEPH R BIDEN JR","DEMOCRAT",1362,5916,20210622,"TOTAL"
2020,"MISSISSIPPI","MS","PERRY","28111","PRESIDENT","OTHER","GREEN",7,5916,20210622,"TOTAL"
2020,"MISSISSIPPI","MS","PERRY","28111","PRESIDENT","JO JORGENSEN","LIBERTARIAN",21,5916,20210622,"TOTAL"
2020,"MISSISSIPPI","MS","PERRY","28111","PRESIDENT","OTHER","OTHER",26,5916,20210622,"TOTAL"
2020,"MISSISSIPPI","MS","PERRY","28111","PRESIDENT","DONALD J TRUMP","REPUBLICAN",4500,5916,20210622,"TOTAL"
2020,"MISSISSIPPI","MS","PIKE","28113","PRESIDENT","JOSEPH R BIDEN JR","DEMOCRAT",8646,17342,20210622,"TOTAL"
2020,"MISSISSIPPI","MS","PIKE","28113","PRESIDENT","OTHER","GREEN",18,17342,20210622,"TOTAL"
2020,"MISSISSIPPI","MS","PIKE","28113","PRESIDENT","JO JORGENSEN","LIBERTARIAN",91,17342,20210622,"TOTAL"
2020,"MISSISSIPPI","MS","PIKE","28113","PRESIDENT","OTHER","OTHER",108,17342,20210622,"TOTAL"
2020,"MISSISSIPPI","MS","PIKE","28113","PRESIDENT","DONALD J TRUMP","REPUBLICAN",8479,17342,20210622,"TOTAL"
2020,"MISSISSIPPI","MS","PONTOTOC","28115","PRESIDENT","JOSEPH R BIDEN JR","DEMOCRAT",2614,14361,20210622,"TOTAL"
2020,"MISSISSIPPI","MS","PONTOTOC","28115","PRESIDENT","OTHER","GREEN",17,14361,20210622,"TOTAL"
2020,"MISSISSIPPI","MS","PONTOTOC","28115","PRESIDENT","JO JORGENSEN","LIBERTARIAN",103,14361,20210622,"TOTAL"
2020,"MISSISSIPPI","MS","PONTOTOC","28115","PRESIDENT","OTHER","OTHER",77,14361,20210622,"TOTAL"
2020,"MISSISSIPPI","MS","PONTOTOC","28115","PRESIDENT","DONALD J TRUMP","REPUBLICAN",11550,14361,20210622,"TOTAL"
2020,"MISSISSIPPI","MS","PRENTISS","28117","PRESIDENT","JOSEPH R BIDEN JR","DEMOCRAT",2153,10644,20210622,"TOTAL"
2020,"MISSISSIPPI","MS","PRENTISS","28117","PRESIDENT","OTHER","GREEN",6,10644,20210622,"TOTAL"
2020,"MISSISSIPPI","MS","PRENTISS","28117","PRESIDENT","JO JORGENSEN","LIBERTARIAN",70,10644,20210622,"TOTAL"
2020,"MISSISSIPPI","MS","PRENTISS","28117","PRESIDENT","OTHER","OTHER",45,10644,20210622,"TOTAL"
2020,"MISSISSIPPI","MS","PRENTISS","28117","PRESIDENT","DONALD J TRUMP","REPUBLICAN",8370,10644,20210622,"TOTAL"
2020,"MISSISSIPPI","MS","QUITMAN","28119","PRESIDENT","JOSEPH R BIDEN JR","DEMOCRAT",2150,3226,20210622,"TOTAL"
2020,"MISSISSIPPI","MS","QUITMAN","28119","PRESIDENT","OTHER","GREEN",5,3226,20210622,"TOTAL"
2020,"MISSISSIPPI","MS","QUITMAN","28119","PRESIDENT","JO JORGENSEN","LIBERTARIAN",12,3226,20210622,"TOTAL"
2020,"MISSISSIPPI","MS","QUITMAN","28119","PRESIDENT","OTHER","OTHER",33,3226,20210622,"TOTAL"
2020,"MISSISSIPPI","MS","QUITMAN","28119","PRESIDENT","DONALD J TRUMP","REPUBLICAN",1026,3226,20210622,"TOTAL"
2020,"MISSISSIPPI","MS","RANKIN","28121","PRESIDENT","JOSEPH R BIDEN JR","DEMOCRAT",18847,70655,20210622,"TOTAL"
2020,"MISSISSIPPI","MS","RANKIN","28121","PRESIDENT","OTHER","GREEN",62,70655,20210622,"TOTAL"
2020,"MISSISSIPPI","MS","RANKIN","28121","PRESIDENT","JO JORGENSEN","LIBERTARIAN",555,70655,20210622,"TOTAL"
2020,"MISSISSIPPI","MS","RANKIN","28121","PRESIDENT","OTHER","OTHER",296,70655,20210622,"TOTAL"
2020,"MISSISSIPPI","MS","RANKIN","28121","PRESIDENT","DONALD J TRUMP","REPUBLICAN",50895,70655,20210622,"TOTAL"
2020,"MISSISSIPPI","MS","SCOTT","28123","PRESIDENT","JOSEPH R BIDEN JR","DEMOCRAT",4330,10733,20210622,"TOTAL"
2020,"MISSISSIPPI","MS","SCOTT","28123","PRESIDENT","OTHER","GREEN",22,10733,20210622,"TOTAL"
2020,"MISSISSIPPI","MS","SCOTT","28123","PRESIDENT","JO JORGENSEN","LIBERTARIAN",38,10733,20210622,"TOTAL"
2020,"MISSISSIPPI","MS","SCOTT","28123","PRESIDENT","OTHER","OTHER",58,10733,20210622,"TOTAL"
2020,"MISSISSIPPI","MS","SCOTT","28123","PRESIDENT","DONALD J TRUMP","REPUBLICAN",6285,10733,20210622,"TOTAL"
2020,"MISSISSIPPI","MS","SHARKEY","28125","PRESIDENT","JOSEPH R BIDEN JR","DEMOCRAT",1465,2183,20210622,"TOTAL"
2020,"MISSISSIPPI","MS","SHARKEY","28125","PRESIDENT","OTHER","GREEN",6,2183,20210622,"TOTAL"
2020,"MISSISSIPPI","MS","SHARKEY","28125","PRESIDENT","JO JORGENSEN","LIBERTARIAN",9,2183,20210622,"TOTAL"
2020,"MISSISSIPPI","MS","SHARKEY","28125","PRESIDENT","OTHER","OTHER",15,2183,20210622,"TOTAL"
2020,"MISSISSIPPI","MS","SHARKEY","28125","PRESIDENT","DONALD J TRUMP","REPUBLICAN",688,2183,20210622,"TOTAL"
2020,"MISSISSIPPI","MS","SIMPSON","28127","PRESIDENT","JOSEPH R BIDEN JR","DEMOCRAT",4037,11815,20210622,"TOTAL"
2020,"MISSISSIPPI","MS","SIMPSON","28127","PRESIDENT","OTHER","GREEN",23,11815,20210622,"TOTAL"
2020,"MISSISSIPPI","MS","SIMPSON","28127","PRESIDENT","JO JORGENSEN","LIBERTARIAN",49,11815,20210622,"TOTAL"
2020,"MISSISSIPPI","MS","SIMPSON","28127","PRESIDENT","OTHER","OTHER",71,11815,20210622,"TOTAL"
2020,"MISSISSIPPI","MS","SIMPSON","28127","PRESIDENT","DONALD J TRUMP","REPUBLICAN",7635,11815,20210622,"TOTAL"
2020,"MISSISSIPPI","MS","SMITH","28129","PRESIDENT","JOSEPH R BIDEN JR","DEMOCRAT",1791,8327,20210622,"TOTAL"
2020,"MISSISSIPPI","MS","SMITH","28129","PRESIDENT","OTHER","GREEN",6,8327,20210622,"TOTAL"
2020,"MISSISSIPPI","MS","SMITH","28129","PRESIDENT","JO JORGENSEN","LIBERTARIAN",33,8327,20210622,"TOTAL"
2020,"MISSISSIPPI","MS","SMITH","28129","PRESIDENT","OTHER","OTHER",39,8327,20210622,"TOTAL"
2020,"MISSISSIPPI","MS","SMITH","28129","PRESIDENT","DONALD J TRUMP","REPUBLICAN",6458,8327,20210622,"TOTAL"
2020,"MISSISSIPPI","MS","STONE","28131","PRESIDENT","JOSEPH R BIDEN JR","DEMOCRAT",1802,7878,20210622,"TOTAL"
2020,"MISSISSIPPI","MS","STONE","28131","PRESIDENT","OTHER","GREEN",8,7878,20210622,"TOTAL"
2020,"MISSISSIPPI","MS","STONE","28131","PRESIDENT","JO JORGENSEN","LIBERTARIAN",57,7878,20210622,"TOTAL"
2020,"MISSISSIPPI","MS","STONE","28131","PRESIDENT","OTHER","OTHER",47,7878,20210622,"TOTAL"
2020,"MISSISSIPPI","MS","STONE","28131","PRESIDENT","DONALD J TRUMP","REPUBLICAN",5964,7878,20210622,"TOTAL"
2020,"MISSISSIPPI","MS","SUNFLOWER","28133","PRESIDENT","JOSEPH R BIDEN JR","DEMOCRAT",6781,9681,20210622,"TOTAL"
2020,"MISSISSIPPI","MS","SUNFLOWER","28133","PRESIDENT","OTHER","GREEN",14,9681,20210622,"TOTAL"
2020,"MISSISSIPPI","MS","SUNFLOWER","28133","PRESIDENT","JO JORGENSEN","LIBERTARIAN",18,9681,20210622,"TOTAL"
2020,"MISSISSIPPI","MS","SUNFLOWER","28133","PRESIDENT","OTHER","OTHER",69,9681,20210622,"TOTAL"
2020,"MISSISSIPPI","MS","SUNFLOWER","28133","PRESIDENT","DONALD J TRUMP","REPUBLICAN",2799,9681,20210622,"TOTAL"
2020,"MISSISSIPPI","MS","TALLAHATCHIE","28135","PRESIDENT","JOSEPH R BIDEN JR","DEMOCRAT",3105,5685,20210622,"TOTAL"
2020,"MISSISSIPPI","MS","TALLAHATCHIE","28135","PRESIDENT","OTHER","GREEN",15,5685,20210622,"TOTAL"
2020,"MISSISSIPPI","MS","TALLAHATCHIE","28135","PRESIDENT","JO JORGENSEN","LIBERTARIAN",20,5685,20210622,"TOTAL"
2020,"MISSISSIPPI","MS","TALLAHATCHIE","28135","PRESIDENT","OTHER","OTHER",57,5685,20210622,"TOTAL"
2020,"MISSISSIPPI","MS","TALLAHATCHIE","28135","PRESIDENT","DONALD J TRUMP","REPUBLICAN",2488,5685,20210622,"TOTAL"
2020,"MISSISSIPPI","MS","TATE","28137","PRESIDENT","JOSEPH R BIDEN JR","DEMOCRAT",4183,13093,20210622,"TOTAL"
2020,"MISSISSIPPI","MS","TATE","28137","PRESIDENT","OTHER","GREEN",16,13093,20210622,"TOTAL"
2020,"MISSISSIPPI","MS","TATE","28137","PRESIDENT","JO JORGENSEN","LIBERTARIAN",84,13093,20210622,"TOTAL"
2020,"MISSISSIPPI","MS","TATE","28137","PRESIDENT","OTHER","OTHER",103,13093,20210622,"TOTAL"
2020,"MISSISSIPPI","MS","TATE","28137","PRESIDENT","DONALD J TRUMP","REPUBLICAN",8707,13093,20210622,"TOTAL"
2020,"MISSISSIPPI","MS","TIPPAH","28139","PRESIDENT","JOSEPH R BIDEN JR","DEMOCRAT",1937,10102,20210622,"TOTAL"
2020,"MISSISSIPPI","MS","TIPPAH","28139","PRESIDENT","OTHER","GREEN",9,10102,20210622,"TOTAL"
2020,"MISSISSIPPI","MS","TIPPAH","28139","PRESIDENT","JO JORGENSEN","LIBERTARIAN",43,10102,20210622,"TOTAL"
2020,"MISSISSIPPI","MS","TIPPAH","28139","PRESIDENT","OTHER","OTHER",59,10102,20210622,"TOTAL"
2020,"MISSISSIPPI","MS","TIPPAH","28139","PRESIDENT","DONALD J TRUMP","REPUBLICAN",8054,10102,20210622,"TOTAL"
2020,"MISSISSIPPI","MS","TISHOMINGO","28141","PRESIDENT","JOSEPH R BIDEN JR","DEMOCRAT",1059,9138,20210622,"TOTAL"
2020,"MISSISSIPPI","MS","TISHOMINGO","28141","PRESIDENT","OTHER","GREEN",7,9138,20210622,"TOTAL"
2020,"MISSISSIPPI","MS","TISHOMINGO","28141","PRESIDENT","JO JORGENSEN","LIBERTARIAN",97,9138,20210622,"TOTAL"
2020,"MISSISSIPPI","MS","TISHOMINGO","28141","PRESIDENT","OTHER","OTHER",42,9138,20210622,"TOTAL"
2020,"MISSISSIPPI","MS","TISHOMINGO","28141","PRESIDENT","DONALD J TRUMP","REPUBLICAN",7933,9138,20210622,"TOTAL"
2020,"MISSISSIPPI","MS","TUNICA","28143","PRESIDENT","JOSEPH R BIDEN JR","DEMOCRAT",2580,3562,20210622,"TOTAL"
2020,"MISSISSIPPI","MS","TUNICA","28143","PRESIDENT","OTHER","GREEN",7,3562,20210622,"TOTAL"
2020,"MISSISSIPPI","MS","TUNICA","28143","PRESIDENT","JO JORGENSEN","LIBERTARIAN",9,3562,20210622,"TOTAL"
2020,"MISSISSIPPI","MS","TUNICA","28143","PRESIDENT","OTHER","OTHER",40,3562,20210622,"TOTAL"
2020,"MISSISSIPPI","MS","TUNICA","28143","PRESIDENT","DONALD J TRUMP","REPUBLICAN",926,3562,20210622,"TOTAL"
2020,"MISSISSIPPI","MS","UNION","28145","PRESIDENT","JOSEPH R BIDEN JR","DEMOCRAT",2160,12683,20210622,"TOTAL"
2020,"MISSISSIPPI","MS","UNION","28145","PRESIDENT","OTHER","GREEN",13,12683,20210622,"TOTAL"
2020,"MISSISSIPPI","MS","UNION","28145","PRESIDENT","JO JORGENSEN","LIBERTARIAN",81,12683,20210622,"TOTAL"
2020,"MISSISSIPPI","MS","UNION","28145","PRESIDENT","OTHER","OTHER",56,12683,20210622,"TOTAL"
2020,"MISSISSIPPI","MS","UNION","28145","PRESIDENT","DONALD J TRUMP","REPUBLICAN",10373,12683,20210622,"TOTAL"
2020,"MISSISSIPPI","MS","WALTHALL","28147","PRESIDENT","JOSEPH R BIDEN JR","DEMOCRAT",2835,7119,20210622,"TOTAL"
2020,"MISSISSIPPI","MS","WALTHALL","28147","PRESIDENT","OTHER","GREEN",6,7119,20210622,"TOTAL"
2020,"MISSISSIPPI","MS","WALTHALL","28147","PRESIDENT","JO JORGENSEN","LIBERTARIAN",19,7119,20210622,"TOTAL"
2020,"MISSISSIPPI","MS","WALTHALL","28147","PRESIDENT","OTHER","OTHER",39,7119,20210622,"TOTAL"
2020,"MISSISSIPPI","MS","WALTHALL","28147","PRESIDENT","DONALD J TRUMP","REPUBLICAN",4220,7119,20210622,"TOTAL"
2020,"MISSISSIPPI","MS","WARREN","28149","PRESIDENT","JOSEPH R BIDEN JR","DEMOCRAT",10442,21053,20210622,"TOTAL"
2020,"MISSISSIPPI","MS","WARREN","28149","PRESIDENT","OTHER","GREEN",25,21053,20210622,"TOTAL"
2020,"MISSISSIPPI","MS","WARREN","28149","PRESIDENT","JO JORGENSEN","LIBERTARIAN",93,21053,20210622,"TOTAL"
2020,"MISSISSIPPI","MS","WARREN","28149","PRESIDENT","OTHER","OTHER",128,21053,20210622,"TOTAL"
2020,"MISSISSIPPI","MS","WARREN","28149","PRESIDENT","DONALD J TRUMP","REPUBLICAN",10365,21053,20210622,"TOTAL"
2020,"MISSISSIPPI","MS","WASHINGTON","28151","PRESIDENT","JOSEPH R BIDEN JR","DEMOCRAT",12503,18008,20210622,"TOTAL"
2020,"MISSISSIPPI","MS","WASHINGTON","28151","PRESIDENT","OTHER","GREEN",19,18008,20210622,"TOTAL"
2020,"MISSISSIPPI","MS","WASHINGTON","28151","PRESIDENT","JO JORGENSEN","LIBERTARIAN",53,18008,20210622,"TOTAL"
2020,"MISSISSIPPI","MS","WASHINGTON","28151","PRESIDENT","OTHER","OTHER",133,18008,20210622,"TOTAL"
2020,"MISSISSIPPI","MS","WASHINGTON","28151","PRESIDENT","DONALD J TRUMP","REPUBLICAN",5300,18008,20210622,"TOTAL"
2020,"MISSISSIPPI","MS","WAYNE","28153","PRESIDENT","JOSEPH R BIDEN JR","DEMOCRAT",3624,10056,20210622,"TOTAL"
2020,"MISSISSIPPI","MS","WAYNE","28153","PRESIDENT","OTHER","GREEN",11,10056,20210622,"TOTAL"
2020,"MISSISSIPPI","MS","WAYNE","28153","PRESIDENT","JO JORGENSEN","LIBERTARIAN",45,10056,20210622,"TOTAL"
2020,"MISSISSIPPI","MS","WAYNE","28153","PRESIDENT","OTHER","OTHER",69,10056,20210622,"TOTAL"
2020,"MISSISSIPPI","MS","WAYNE","28153","PRESIDENT","DONALD J TRUMP","REPUBLICAN",6307,10056,20210622,"TOTAL"
2020,"MISSISSIPPI","MS","WEBSTER","28155","PRESIDENT","JOSEPH R BIDEN JR","DEMOCRAT",1043,5395,20210622,"TOTAL"
2020,"MISSISSIPPI","MS","WEBSTER","28155","PRESIDENT","OTHER","GREEN",2,5395,20210622,"TOTAL"
2020,"MISSISSIPPI","MS","WEBSTER","28155","PRESIDENT","JO JORGENSEN","LIBERTARIAN",27,5395,20210622,"TOTAL"
2020,"MISSISSIPPI","MS","WEBSTER","28155","PRESIDENT","OTHER","OTHER",32,5395,20210622,"TOTAL"
2020,"MISSISSIPPI","MS","WEBSTER","28155","PRESIDENT","DONALD J TRUMP","REPUBLICAN",4291,5395,20210622,"TOTAL"
2020,"MISSISSIPPI","MS","WILKINSON","28157","PRESIDENT","JOSEPH R BIDEN JR","DEMOCRAT",2749,4127,20210622,"TOTAL"
2020,"MISSISSIPPI","MS","WILKINSON","28157","PRESIDENT","OTHER","GREEN",9,4127,20210622,"TOTAL"
2020,"MISSISSIPPI","MS","WILKINSON","28157","PRESIDENT","JO JORGENSEN","LIBERTARIAN",12,4127,20210622,"TOTAL"
2020,"MISSISSIPPI","MS","WILKINSON","28157","PRESIDENT","OTHER","OTHER",33,4127,20210622,"TOTAL"
2020,"MISSISSIPPI","MS","WILKINSON","28157","PRESIDENT","DONALD J TRUMP","REPUBLICAN",1324,4127,20210622,"TOTAL"
2020,"MISSISSIPPI","MS","WINSTON","28159","PRESIDENT","JOSEPH R BIDEN JR","DEMOCRAT",4040,9236,20210622,"TOTAL"
2020,"MISSISSIPPI","MS","WINSTON","28159","PRESIDENT","OTHER","GREEN",4,9236,20210622,"TOTAL"
2020,"MISSISSIPPI","MS","WINSTON","28159","PRESIDENT","JO JORGENSEN","LIBERTARIAN",41,9236,20210622,"TOTAL"
2020,"MISSISSIPPI","MS","WINSTON","28159","PRESIDENT","OTHER","OTHER",39,9236,20210622,"TOTAL"
2020,"MISSISSIPPI","MS","WINSTON","28159","PRESIDENT","DONALD J TRUMP","REPUBLICAN",5112,9236,20210622,"TOTAL"
2020,"MISSISSIPPI","MS","YALOBUSHA","28161","PRESIDENT","JOSEPH R BIDEN JR","DEMOCRAT",2785,6535,20210622,"TOTAL"
2020,"MISSISSIPPI","MS","YALOBUSHA","28161","PRESIDENT","OTHER","GREEN",7,6535,20210622,"TOTAL"
2020,"MISSISSIPPI","MS","YALOBUSHA","28161","PRESIDENT","JO JORGENSEN","LIBERTARIAN",26,6535,20210622,"TOTAL"
2020,"MISSISSIPPI","MS","YALOBUSHA","28161","PRESIDENT","OTHER","OTHER",46,6535,20210622,"TOTAL"
2020,"MISSISSIPPI","MS","YALOBUSHA","28161","PRESIDENT","DONALD J TRUMP","REPUBLICAN",3671,6535,20210622,"TOTAL"
2020,"MISSISSIPPI","MS","YAZOO","28163","PRESIDENT","JOSEPH R BIDEN JR","DEMOCRAT",5496,10436,20210622,"TOTAL"
2020,"MISSISSIPPI","MS","YAZOO","28163","PRESIDENT","OTHER","GREEN",8,10436,20210622,"TOTAL"
2020,"MISSISSIPPI","MS","YAZOO","28163","PRESIDENT","JO JORGENSEN","LIBERTARIAN",21,10436,20210622,"TOTAL"
2020,"MISSISSIPPI","MS","YAZOO","28163","PRESIDENT","OTHER","OTHER",79,10436,20210622,"TOTAL"
2020,"MISSISSIPPI","MS","YAZOO","28163","PRESIDENT","DONALD J TRUMP","REPUBLICAN",4832,10436,20210622,"TOTAL"
2020,"MISSOURI","MO","MISSISSIPPI","29133","PRESIDENT","JOSEPH R BIDEN JR","DEMOCRAT",1178,4756,20210622,"TOTAL"
2020,"MISSOURI","MO","MISSISSIPPI","29133","PRESIDENT","OTHER","GREEN",7,4756,20210622,"TOTAL"
2020,"MISSOURI","MO","MISSISSIPPI","29133","PRESIDENT","JO JORGENSEN","LIBERTARIAN",30,4756,20210622,"TOTAL"
2020,"MISSOURI","MO","MISSISSIPPI","29133","PRESIDENT","OTHER","OTHER",4,4756,20210622,"TOTAL"
2020,"MISSOURI","MO","MISSISSIPPI","29133","PRESIDENT","DONALD J TRUMP","REPUBLICAN",3537,4756,20210622,"TOTAL"
